{
    "patch_time_32": {
        "fold_1": {
            "epoch_1": {
                "train_loss": 1.4749098633164586,
                "train_accuracy": 0.6359298825263977,
                "train_f1": 0.6401724225954707,
                "val_loss": 0.7691927155856445,
                "val_accuracy": 0.8119361400604248,
                "val_f1": 0.8144174380251195
            },
            "epoch_2": {
                "train_loss": 0.7472718911585421,
                "train_accuracy": 0.8118494153022766,
                "train_f1": 0.8124233688661614,
                "val_loss": 0.5170809000490589,
                "val_accuracy": 0.8573907017707825,
                "val_f1": 0.8571412225372511
            },
            "epoch_3": {
                "train_loss": 0.5021147993415863,
                "train_accuracy": 0.866759181022644,
                "train_f1": 0.8669453284909799,
                "val_loss": 0.42426452043445634,
                "val_accuracy": 0.8757807016372681,
                "val_f1": 0.8737363839151875
            },
            "epoch_4": {
                "train_loss": 0.3829011370070501,
                "train_accuracy": 0.8985079526901245,
                "train_f1": 0.898353049923878,
                "val_loss": 0.3061073910545105,
                "val_accuracy": 0.9142956137657166,
                "val_f1": 0.9142953896590427
            },
            "epoch_5": {
                "train_loss": 0.2908742782371578,
                "train_accuracy": 0.9188931584358215,
                "train_f1": 0.918813535483798,
                "val_loss": 0.344982260321296,
                "val_accuracy": 0.9018043279647827,
                "val_f1": 0.9017993551434672
            },
            "epoch_6": {
                "train_loss": 0.2392893450159843,
                "train_accuracy": 0.9338133335113525,
                "train_f1": 0.9338653711478062,
                "val_loss": 0.31253448119330196,
                "val_accuracy": 0.9177654385566711,
                "val_f1": 0.91733718338069
            },
            "epoch_7": {
                "train_loss": 0.199252516513892,
                "train_accuracy": 0.942401111125946,
                "train_f1": 0.9423317929842472,
                "val_loss": 0.2906272334414219,
                "val_accuracy": 0.9208882451057434,
                "val_f1": 0.9211167443878784
            },
            "epoch_8": {
                "train_loss": 0.18712377389831134,
                "train_accuracy": 0.9469985961914062,
                "train_f1": 0.9469746076465166,
                "val_loss": 0.2780036369039965,
                "val_accuracy": 0.9292158484458923,
                "val_f1": 0.928622141574186
            },
            "epoch_9": {
                "train_loss": 0.15171544466692083,
                "train_accuracy": 0.9544587135314941,
                "train_f1": 0.9544082953091799,
                "val_loss": 0.28013228081232694,
                "val_accuracy": 0.927480936050415,
                "val_f1": 0.9273807484495755
            },
            "epoch_10": {
                "train_loss": 0.1400106468905527,
                "train_accuracy": 0.9594899415969849,
                "train_f1": 0.9594723526528042,
                "val_loss": 0.29539842014589274,
                "val_accuracy": 0.9382373094558716,
                "val_f1": 0.935789649086867
            },
            "epoch_11": {
                "train_loss": 0.1352425752183239,
                "train_accuracy": 0.9635669589042664,
                "train_f1": 0.9634591732202521,
                "val_loss": 0.24506908810675357,
                "val_accuracy": 0.9406661987304688,
                "val_f1": 0.9398933886080715
            },
            "epoch_12": {
                "train_loss": 0.11395851038306785,
                "train_accuracy": 0.9676439762115479,
                "train_f1": 0.9676046648597137,
                "val_loss": 0.3054237417622134,
                "val_accuracy": 0.9278278946876526,
                "val_f1": 0.9269630884129756
            },
            "epoch_13": {
                "train_loss": 0.11098360753307339,
                "train_accuracy": 0.9662560820579529,
                "train_f1": 0.966227774478849,
                "val_loss": 0.2778293984313881,
                "val_accuracy": 0.9365024566650391,
                "val_f1": 0.9357876399874273
            },
            "epoch_14": {
                "train_loss": 0.11089669028853494,
                "train_accuracy": 0.9673837423324585,
                "train_f1": 0.9673592515565712,
                "val_loss": 0.2985109317949959,
                "val_accuracy": 0.9365024566650391,
                "val_f1": 0.9354810050812032
            },
            "epoch_15": {
                "train_loss": 0.0968338359267202,
                "train_accuracy": 0.9707668423652649,
                "train_f1": 0.9705957655453044,
                "val_loss": 0.27781743336099995,
                "val_accuracy": 0.9375433921813965,
                "val_f1": 0.9373170008514321
            },
            "epoch_16": {
                "train_loss": 0.09327210229585452,
                "train_accuracy": 0.9707668423652649,
                "train_f1": 0.9707117101191762,
                "val_loss": 0.29491214232533114,
                "val_accuracy": 0.9368494153022766,
                "val_f1": 0.9358272145808584
            },
            "epoch_17": {
                "train_loss": 0.08455383145591164,
                "train_accuracy": 0.9720680117607117,
                "train_f1": 0.9719613054415429,
                "val_loss": 0.2971343461409726,
                "val_accuracy": 0.9306037425994873,
                "val_f1": 0.9295365278322735
            },
            "epoch_18": {
                "train_loss": 0.08969478874519013,
                "train_accuracy": 0.9734559059143066,
                "train_f1": 0.9735030224679401,
                "val_loss": 0.27382561629498536,
                "val_accuracy": 0.9389312863349915,
                "val_f1": 0.9380953081042053
            },
            "epoch_19": {
                "train_loss": 0.07657504190351867,
                "train_accuracy": 0.9746703505516052,
                "train_f1": 0.9746648351661195,
                "val_loss": 0.2871834327581998,
                "val_accuracy": 0.9354614615440369,
                "val_f1": 0.9345790823613142
            },
            "epoch_20": {
                "train_loss": 0.08074989866539219,
                "train_accuracy": 0.9751908183097839,
                "train_f1": 0.9751715470504437,
                "val_loss": 0.3128023605007479,
                "val_accuracy": 0.9368494153022766,
                "val_f1": 0.9356336164142666
            },
            "epoch_21": {
                "train_loss": 0.0718220912895453,
                "train_accuracy": 0.9762317538261414,
                "train_f1": 0.9761940039449489,
                "val_loss": 0.33993549553337477,
                "val_accuracy": 0.9285218715667725,
                "val_f1": 0.9276630049707493
            },
            "epoch_22": {
                "train_loss": 0.07660725689563368,
                "train_accuracy": 0.9752776026725769,
                "train_f1": 0.9752272350659231,
                "val_loss": 0.27129266479038666,
                "val_accuracy": 0.9392783045768738,
                "val_f1": 0.9381924144139983
            },
            "epoch_23": {
                "train_loss": 0.07063780149270084,
                "train_accuracy": 0.9762317538261414,
                "train_f1": 0.976254017161646,
                "val_loss": 0.33183816209703687,
                "val_accuracy": 0.9361554384231567,