{"name": "Train", "loss": 0.2503370571985864, "accuracy": 0.9253990284524636, "f1": 0.8947066829394835}
