{
    "fold_1": {
        "epoch_1": {
            "train_loss": 2.003980545100861,
            "train_accuracy": 0.45896947383880615,
            "train_f1": 0.45862653777646756,
            "val_loss": 1.5046566132445744,
            "val_accuracy": 0.5648854970932007,
            "val_f1": 0.551436763197767
        },
        "epoch_2": {
            "train_loss": 1.4196110724327384,
            "train_accuracy": 0.6003643274307251,
            "train_f1": 0.6024640007220189,
            "val_loss": 1.2413303579650097,
            "val_accuracy": 0.6415683627128601,
            "val_f1": 0.6502150375562941
        },
        "epoch_3": {
            "train_loss": 1.1640786869421673,
            "train_accuracy": 0.6646426320075989,
            "train_f1": 0.6683465533391796,
            "val_loss": 1.1244635053412406,
            "val_accuracy": 0.6644691228866577,
            "val_f1": 0.6699875582560131
        },
        "epoch_4": {
            "train_loss": 0.9886748232490317,
            "train_accuracy": 0.7076683044433594,
            "train_f1": 0.7103251048942822,
            "val_loss": 0.9144270733834716,
            "val_accuracy": 0.7324774265289307,
            "val_f1": 0.7372438621615987
        },
        "epoch_5": {
            "train_loss": 0.868944946167206,
            "train_accuracy": 0.7421929240226746,
            "train_f1": 0.745185522353212,
            "val_loss": 0.8681440991439813,
            "val_accuracy": 0.7255378365516663,
            "val_f1": 0.7363815184317092
        },
        "epoch_6": {
            "train_loss": 0.7523160212770839,
            "train_accuracy": 0.7737682461738586,
            "train_f1": 0.7761710562681885,
            "val_loss": 0.7482030809253268,
            "val_accuracy": 0.7800138592720032,
            "val_f1": 0.7840543741381494
        },
        "epoch_7": {
            "train_loss": 0.6818239490380724,
            "train_accuracy": 0.7997050881385803,
            "train_f1": 0.8016308143198653,
            "val_loss": 0.6949532615908336,
            "val_accuracy": 0.7803608775138855,
            "val_f1": 0.7849452785541494
        },
        "epoch_8": {
            "train_loss": 0.6253029827511948,
            "train_accuracy": 0.8136710524559021,
            "train_f1": 0.8155656122208683,
            "val_loss": 0.6296773738223915,
            "val_accuracy": 0.8095073103904724,
            "val_f1": 0.8081825004114784
        },
        "epoch_9": {
            "train_loss": 0.5829648417811698,
            "train_accuracy": 0.8298924565315247,
            "train_f1": 0.832002801664054,
            "val_loss": 0.677923964822492,
            "val_accuracy": 0.7918112277984619,
            "val_f1": 0.794033784485662
        },
        "epoch_10": {
            "train_loss": 0.5632957013987656,
            "train_accuracy": 0.8354441523551941,
            "train_f1": 0.8370729590699539,
            "val_loss": 0.6273959541626899,
            "val_accuracy": 0.8244274854660034,
            "val_f1": 0.8250878423924103
        },
        "epoch_11": {
            "train_loss": 0.5119316085570703,
            "train_accuracy": 0.8490631580352783,
            "train_f1": 0.8508057194850883,
            "val_loss": 0.5916578044861406,
            "val_accuracy": 0.8317140936851501,
            "val_f1": 0.8329963772733758
        },
        "epoch_12": {
            "train_loss": 0.4961682485552578,
            "train_accuracy": 0.8545281291007996,
            "train_f1": 0.8558280617378791,
            "val_loss": 0.5997521708802632,
            "val_accuracy": 0.823386549949646,
            "val_f1": 0.8247876135599846
        },
        "epoch_13": {
            "train_loss": 0.4657877721315758,
            "train_accuracy": 0.8606002926826477,
            "train_f1": 0.8618903552394502,
            "val_loss": 0.6021237423626701,
            "val_accuracy": 0.8303261399269104,
            "val_f1": 0.8344559139545057
        },
        "epoch_14": {
            "train_loss": 0.44588848701607126,
            "train_accuracy": 0.8700554966926575,
            "train_f1": 0.8713095565201467,
            "val_loss": 0.5373785361319321,
            "val_accuracy": 0.8483691811561584,
            "val_f1": 0.8498539899022064
        },
        "epoch_15": {
            "train_loss": 0.4267075953866652,
            "train_accuracy": 0.8726578950881958,
            "train_f1": 0.8735262993055982,
            "val_loss": 0.5475418110624138,
            "val_accuracy": 0.8480222225189209,
            "val_f1": 0.8498916855188784
        },
        "epoch_16": {
            "train_loss": 0.4062613416434053,
            "train_accuracy": 0.8790770173072815,
            "train_f1": 0.880140546942728,
            "val_loss": 0.5149442852858742,
            "val_accuracy": 0.85773766040802,
            "val_f1": 0.8562233003292787
        },
        "epoch_17": {
            "train_loss": 0.39132225538389387,
            "train_accuracy": 0.8859298825263977,
            "train_f1": 0.8868494850209399,
            "val_loss": 0.501294674423402,
            "val_accuracy": 0.8615545034408569,
            "val_f1": 0.8622425829572852
        },
        "epoch_18": {
            "train_loss": 0.38230259652833776,
            "train_accuracy": 0.890006959438324,
            "train_f1": 0.8907255680852562,
            "val_loss": 0.5405863661865742,
            "val_accuracy": 0.8598195910453796,
            "val_f1": 0.8598401548367958
        },
        "epoch_19": {
            "train_loss": 0.37721603372748097,
            "train_accuracy": 0.8912213444709778,
            "train_f1": 0.8922567390072544,
            "val_loss": 0.5143958780038971,
            "val_accuracy": 0.8674531579017639,
            "val_f1": 0.8670154435545306
        },
        "epoch_20": {
            "train_loss": 0.3447227632725614,
            "train_accuracy": 0.8950381875038147,
            "train_f1": 0.8957991262453588,
            "val_loss": 0.5519622719700421,
            "val_accuracy": 0.8570437431335449,
            "val_f1": 0.8577416229252903
        },
        "epoch_21": {
            "train_loss": 0.35549689792853595,
            "train_accuracy": 0.8977272510528564,
            "train_f1": 0.8983870221771616,
            "val_loss": 0.4891570179298819,
            "val_accuracy": 0.8716169595718384,
            "val_f1": 0.870599764900241
        },
        "epoch_22": {
            "train_loss": 0.33315775106871637,
            "train_accuracy": 0.9005030989646912,
            "train_f1": 0.900929459961186,
            "val_loss": 0.5346615195386949,
            "val_accuracy": 0.8681471347808838,
            "val_f1": 0.8672626704178815
        },
        "epoch_23": {
            "train_loss": 0.33209988849584465,
            "train_accuracy": 0.9056211113929749,
            "train_f1": 0.9061995461583346,
            "val_loss": 0.6120769605812185,
            "val_accuracy": 0.8348369002342224,
            "val_f1": 0.8361058505688369
        },
        "epoch_24": {
            "train_loss": 0.32261274352004915,
            "train_accuracy": 0.9051873683929443,
            "train_f1": 0.9057209113356168,
            "val_loss": 0.48367587203384194,
            "val_accuracy": 0.8726578950881958,
            "val_f1": 0.873592166074668
        },
        "epoch_25": {
            "train_loss": 0.30926200681303456,
            "train_accuracy": 0.910825788974762,
            "train_f1": 0.9112779340488695,
            "val_loss": 0.5489496808416428,
            "val_accuracy": 0.8653712868690491,
            "val_f1": 0.8649365123896419
        }
    }
}