{
    "fold_1": {
        "epoch_1": {
            "train_loss": 1.7203488458907084,
            "train_accuracy": 0.5780707597732544,
            "train_f1": 0.5746647819535621,
            "val_loss": 1.149769167686681,
            "val_accuracy": 0.6925746202468872,
            "val_f1": 0.7039554569187826
        },
        "epoch_2": {
            "train_loss": 0.9834749276318706,
            "train_accuracy": 0.7544240355491638,
            "train_f1": 0.7561660806277348,
            "val_loss": 0.7850791539331263,
            "val_accuracy": 0.799444854259491,
            "val_f1": 0.8012394927272616
        },
        "epoch_3": {
            "train_loss": 0.7237139739985478,
            "train_accuracy": 0.823386549949646,
            "train_f1": 0.8243030458730475,
            "val_loss": 0.5306848325480261,
            "val_accuracy": 0.8625954389572144,
            "val_f1": 0.8617647644796396
        },
        "epoch_4": {
            "train_loss": 0.5575028247743493,
            "train_accuracy": 0.8650242686271667,
            "train_f1": 0.8657073601124978,
            "val_loss": 0.4282515371538224,
            "val_accuracy": 0.8806384205818176,
            "val_f1": 0.8803864807403429
        },
        "epoch_5": {
            "train_loss": 0.45546019318953707,
            "train_accuracy": 0.8868840932846069,
            "train_f1": 0.8870097377094257,
            "val_loss": 0.3564526980316816,
            "val_accuracy": 0.8993754386901855,
            "val_f1": 0.8999318959001704
        },
        "epoch_6": {
            "train_loss": 0.37892089309565086,
            "train_accuracy": 0.9022380113601685,
            "train_f1": 0.9026473017891807,
            "val_loss": 0.31026288973786054,
            "val_accuracy": 0.9118667840957642,
            "val_f1": 0.9114735332378943
        },
        "epoch_7": {
            "train_loss": 0.31053995511638055,
            "train_accuracy": 0.9166377782821655,
            "train_f1": 0.916938710147414,
            "val_loss": 0.317814246852264,
            "val_accuracy": 0.9087439179420471,
            "val_f1": 0.9087710102748904
        },
        "epoch_8": {
            "train_loss": 0.26050981780980104,
            "train_accuracy": 0.9295628070831299,
            "train_f1": 0.9296909362275587,
            "val_loss": 0.27860355213341087,
            "val_accuracy": 0.9208882451057434,
            "val_f1": 0.9201582657384924
        },
        "epoch_9": {
            "train_loss": 0.22883639008706433,
            "train_accuracy": 0.9384975433349609,
            "train_f1": 0.9385783175839261,
            "val_loss": 0.23590842616023838,
            "val_accuracy": 0.9351145029067993,
            "val_f1": 0.9338267671129985
        },
        "epoch_10": {
            "train_loss": 0.20903584592343755,
            "train_accuracy": 0.9465649127960205,
            "train_f1": 0.946722083008971,
            "val_loss": 0.2948351860295261,
            "val_accuracy": 0.9212352633476257,
            "val_f1": 0.9200629873259263
        },
        "epoch_11": {
            "train_loss": 0.18415143007337742,
            "train_accuracy": 0.9490805268287659,
            "train_f1": 0.9490165772629532,
            "val_loss": 0.2433691349385634,
            "val_accuracy": 0.9385843276977539,
            "val_f1": 0.9373649803040027
        },
        "epoch_12": {
            "train_loss": 0.17123999692273068,
            "train_accuracy": 0.9553261399269104,
            "train_f1": 0.9553044104918363,
            "val_loss": 0.22878035406610306,
            "val_accuracy": 0.9368494153022766,
            "val_f1": 0.9366652723249231
        },
        "epoch_13": {
            "train_loss": 0.15345659881900217,
            "train_accuracy": 0.9577550292015076,
            "train_f1": 0.9578204755039265,
            "val_loss": 0.23167546162108324,
            "val_accuracy": 0.9392783045768738,
            "val_f1": 0.9391752069632928
        },
        "epoch_14": {
            "train_loss": 0.13663688526794482,
            "train_accuracy": 0.9609646201133728,
            "train_f1": 0.9609154301238159,
            "val_loss": 0.23684011886861983,
            "val_accuracy": 0.9417071342468262,
            "val_f1": 0.9413957392380307
        },
        "epoch_15": {
            "train_loss": 0.12456640698939236,
            "train_accuracy": 0.9638271927833557,
            "train_f1": 0.9637131151292541,
            "val_loss": 0.2560357734921493,
            "val_accuracy": 0.9323386549949646,
            "val_f1": 0.9323178195162437
        },
        "epoch_16": {
            "train_loss": 0.11931468389909478,
            "train_accuracy": 0.9653018712997437,
            "train_f1": 0.9652639946949447,
            "val_loss": 0.2372788505254031,
            "val_accuracy": 0.9382373094558716,
            "val_f1": 0.9383671543097913
        },
        "epoch_17": {
            "train_loss": 0.11641516380233516,
            "train_accuracy": 0.9685114622116089,
            "train_f1": 0.9684718074725929,
            "val_loss": 0.24294602736075727,
            "val_accuracy": 0.9385843276977539,
            "val_f1": 0.9377165423030409
        },
        "epoch_18": {
            "train_loss": 0.11301461760786947,
            "train_accuracy": 0.9697259068489075,
            "train_f1": 0.9695795273785291,
            "val_loss": 0.25175017334237376,
            "val_accuracy": 0.9441360235214233,
            "val_f1": 0.9429864789312177
        },
        "epoch_19": {
            "train_loss": 0.09361677751303779,
            "train_accuracy": 0.9724149703979492,
            "train_f1": 0.9723389806994863,
            "val_loss": 0.2416844871567824,
            "val_accuracy": 0.9462178945541382,
            "val_f1": 0.946745281787867
        },
        "epoch_20": {
            "train_loss": 0.08687632646210561,
            "train_accuracy": 0.9726752042770386,
            "train_f1": 0.9725983154762345,
            "val_loss": 0.22852014911008608,
            "val_accuracy": 0.9496877193450928,
            "val_f1": 0.9491640243211695
        },
        "epoch_21": {
            "train_loss": 0.08844882850894291,
            "train_accuracy": 0.9735426902770996,
            "train_f1": 0.9734307758454982,
            "val_loss": 0.24406687100016886,
            "val_accuracy": 0.9434420466423035,
            "val_f1": 0.9427519137017545
        },
        "epoch_22": {
            "train_loss": 0.08007489664036721,
            "train_accuracy": 0.9751908183097839,
            "train_f1": 0.9750401662295655,
            "val_loss": 0.2602144349099737,
            "val_accuracy": 0.9434420466423035,
            "val_f1": 0.9425560510828005
        },
        "epoch_23": {
            "train_loss": 0.08024058234531253,
            "train_accuracy": 0.976058304309845,
            "train_f1": 0.9760407553749959,
            "val_loss": 0.24666161564618888,
            "val_accuracy": 0.9427480697631836,
            "val_f1": 0.942338056169142
        },
        "epoch_24": {
            "train_loss": 0.08052302951258598,
            "train_accuracy": 0.974583625793457,
            "train_f1": 0.9744852145762679,
            "val_loss": 0.2312489568698107,
            "val_accuracy": 0.9458709359169006,
            "val_f1": 0.9457115726786618
        },
        "epoch_25": {
            "train_loss": 0.07122221066510835,
            "train_accuracy": 0.9764920473098755,
            "train_f1": 0.9764191794640094,
            "val_loss": 0.2379985502169112,
            "val_accuracy": 0.9486467838287354,
            "val_f1": 0.9477275537224316
        }
    }
}